"AMPHUR_id","AMPHUR_CODE","AMPHUR_Name","AMPHUR_Eng","GEO_ID","PROVINCE_code"
"1","1033","คลองเตย","Khlong Toei",,"10"
"2","1018","คลองสาน","Khlong San",,"10"
"3","1046","คลองสามวา","Khlong Sam Wa",,"10"
"4","1043","คันนายาว","Khan Na Yao",,"10"
"5","1030","จตุจักร","Chatuchak",,"10"
"6","1035","จอมทอง","Chom Thong",,"10"
"7","1036","ดอนเมือง","Don Mueang",,"10"
"8","1026","ดินแดง","Din Daeng",,"10"
"9","1002","ดุสิต","Dusit",,"10"
"10","1019","ตลิ่งชัน","Taling Chan",,"10"
"11","1048","ทวีวัฒนา","Thawi Watthana",,"10"
"12","1049","ทุ่งครุ","Thung Khru",,"10"
"13","1015","ธนบุรี","Thon Buri",,"10"
"14","1020","บางกอกน้อย","Bangkok Noi",,"10"
"15","1016","บางกอกใหญ่","Bangkok Yai",,"10"
"16","1006","บางกะปิ","Bang Kapi",,"10"
"17","1021","บางขุนเทียน","Bang Khun Thian",,"10"
"18","1005","บางเขน","Bang Khen",,"10"
"19","1031","บางคอแหลม","Bang Kho Laem",,"10"
"20","1040","บางแค","Bang Khae",,"10"
"21","1029","บางซื่อ","Bang Sue",,"10"
"22","1047","บางนา","Bang Na",,"10"
"23","1050","บางบอน","Bang Bon",,"10"
"24","1025","บางพลัด","Bang Phlat",,"10"
"25","1004","บางรัก","Bang Rak",,"10"
"26","1027","บึงกุ่ม","Bueng Kum",,"10"
"27","1007","ปทุมวัน","Pathum Wan",,"10"
"28","1032","ประเวศ","Prawet",,"10"
"29","1008","ป้อมปราบศัตรูพ่าย","Pom Prap Sattru Phai",,"10"
"30","1014","พญาไท","Phaya Thai",,"10"
"31","1009","พระโขนง","Phra Khanong",,"10"
"32","1001","พระนคร","Phra Nakhon",,"10"
"33","1022","ภาษีเจริญ","Phasi Charoen",,"10"
"34","1010","มีนบุรี","Min Buri",,"10"
"35","1012","ยานนาวา","Yannawa",,"10"
"36","1037","ราชเทวี","Ratchathewi",,"10"
"37","1024","ราษฎร์บูรณะ","Rat Burana",,"10"
"38","1011","ลาดกระบัง","Lat Krabang",,"10"
"39","1038","ลาดพร้าว","Lat Phrao",,"10"
"40","1045","วังทองหลาง","Wang Thonglang",,"10"
"41","1039","วัฒนา","Vadhana",,"10"
"42","1034","สวนหลวง","Suan Luang",,"10"
"43","1044","สะพานสูง","Saphan Sung",,"10"
"44","1013","สัมพันธวงศ์","Samphanthawong",,"10"
"45","1028","สาทร","Sathon",,"10"
"46","1042","สายไหม","Sai Mai",,"10"
"47","1023","หนองแขม","Nong Khaem",,"10"
"48","1003","หนองจอก","Nong Chok",,"10"
"49","1041","หลักสี่","Lak Si",,"10"
"50","1017","ห้วยขวาง","Huai Khwang",,"10"
"51","1101","เมืองสมุทรปราการ","Amphoe Mueang Samut Prakan",,"11"
"52","1102","บางบ่อ","Amphoe Bang Bo",,"11"
"53","1103","บางพลี","Amphoe Bang Phli",,"11"
"54","1106","บางเสาธง","Amphoe Bang Sao Thong",,"11"
"55","1104","พระประแดง","Amphoe Phra Pradaeng",,"11"
"56","1105","พระสมุทรเจดีย์","Amphoe Phra Samut Chedi",,"11"
"57","1205","ไทรน้อย","Amphoe Sai Noi",,"12"
"58","1202","บางกรวย","Amphoe Bang Kruai",,"12"
"59","1204","บางบัวทอง","Amphoe Bang Bua Thong",,"12"
"60","1203","บางใหญ่","Amphoe Bang Yai",,"12"
"61","1206","ปากเกร็ด","Amphoe Pak Kret",,"12"
"62","1201","เมืองนนทบุรี","Amphoe Mueang Nonthaburi",,"12"
"63","1302","คลองหลวง","Amphoe Khlong Luang",,"13"
"64","1303","ธัญบุรี","Amphoe Thanyaburi",,"13"
"65","1301","เมืองปทุมธานี","Amphoe Mueang Pathum Thani",,"13"
"66","1305","ลาดหลุมแก้ว","Amphoe Lat Lum Kaeo",,"13"
"67","1306","ลำลูกกา","Amphoe Lam Luk Ka",,"13"
"68","1307","สามโคก","Amphoe Sam Khok",,"13"
"69","1304","หนองเสือ","Amphoe Nong Suea",,"13"
"70","1402","ท่าเรือ","Amphoe Tha Ruea",,"14"
"71","1403","นครหลวง","Amphoe Nakhon Luang",,"14"
"72","1413","บางซ้าย","Amphoe Bang Zai",,"14"
"73","1404","บางไทร","Amphoe Bang Sai",,"14"
"74","1405","บางบาล","Amphoe Bang Ban",,"14"
"75","1407","บางปะหัน","Amphoe Bang Pahan",,"14"
"76","1406","บางปะอิน","Amphoe Bang Pa-in",,"14"
"77","1416","บ้านแพรก","Amphoe Ban Phraek",,"14"
"78","1408","ผักไห่","Amphoe Phak Hai",,"14"
"79","1401","พระนครศรีอยุธยา","Amphoe Phra Nakhon Si Ayutthaya",,"14"
"80","1409","ภาชี","Amphoe Phachi",,"14"
"81","1415","มหาราช","Amphoe Maha Rat",,"14"
"82","1410","ลาดบัวหลวง","Amphoe Lat Bua Luang",,"14"
"83","1411","วังน้อย","Amphoe Wang Noi",,"14"
"84","1412","เสนา","Amphoe Sena",,"14"
"85","1414","อุทัย","Amphoe Uthai",,"14"
"86","1502","ไชโย","Amphoe Chaiyo",,"15"
"87","1503","ป่าโมก","Amphoe Pa Mok",,"15"
"88","1504","โพธิ์ทอง","Amphoe Pho Thong",,"15"
"89","1501","เมืองอ่างทอง","Amphoe Mueang Ang Thong",,"15"
"90","1506","วิเศษชัยชาญ","Amphoe Wiset Chai Chan",,"15"
"91","1507","สามโก้","Amphoe Samko",,"15"
"92","1505","แสวงหา","Amphoe Sawaeng Ha",,"15"
"93","1609","โคกเจริญ","Amphoe Khok Charoen",,"16"
"94","1603","โคกสำโรง","Amphoe Khok Samrong",,"16"
"95","1604","ชัยบาดาล","Amphoe Chai Badan",,"16"
"96","1605","ท่าวุ้ง","Amphoe Tha Wung",,"16"
"97","1607","ท่าหลวง","Amphoe Tha Luang",,"16"
"98","1606","บ้านหมี่","Amphoe Ban Mi",,"16"
"99","1602","พัฒนานิคม","Amphoe Phatthana Nikhom",,"16"
"100","1601","เมืองลพบุรี","Amphoe Mueang Lop Buri",,"16"
"101","1610","ลำสนธิ","Amphoe Lam Sonthi",,"16"
"102","1608","สระโบสถ์","Amphoe Sa Bot",,"16"
"103","1611","หนองม่วง","Amphoe Nong Muang",,"16"
"104","1703","ค่ายบางระจัน","Amphoe Khai Bang Rachan",,"17"
"105","1705","ท่าช้าง","Amphoe Tha Chang",,"17"
"106","1702","บางระจัน","Amphoe Bang Rachan",,"17"
"107","1704","พรหมบุรี","Amphoe Phrom Buri",,"17"
"108","1701","เมืองสิงห์บุรี","Amphoe Mueang Sing Buri",,"17"
"109","1706","อินทร์บุรี","Amphoe In Buri",,"17"
"110","1808","เนินขาม","Amphoe Noen Kham",,"18"
"111","1802","มโนรมย์","Amphoe Manorom",,"18"
"112","1801","เมืองชัยนาท","Amphoe Mueang Chai Nat",,"18"
"113","1803","วัดสิงห์","Amphoe Wat Sing",,"18"
"114","1805","สรรคบุรี","Amphoe Sankhaburi",,"18"
"115","1804","สรรพยา","Amphoe Sapphaya",,"18"
"116","1807","หนองมะโมง","Amphoe Nong Mamong",,"18"
"117","1806","หันคา","Amphoe Hankha",,"18"
"118","1902","แก่งคอย","Amphoe Kaeng Khoi",,"19"
"119","1913","เฉลิมพระเกียรติ","Amphoe Chaloem Phra Kiat",,"19"
"120","1907","ดอนพุด","Amphoe Don Phut",,"19"
"121","1906","บ้านหมอ","Amphoe Ban Mo",,"19"
"122","1909","พระพุทธบาท","Amphoe Phra Phutthabat",,"19"
"123","1911","มวกเหล็ก","Amphoe Muak Lek",,"19"
"124","1901","เมืองสระบุรี","Amphoe Mueang Saraburi",,"19"
"125","1912","วังม่วง","Amphoe Wang Muang",,"19"
"126","1904","วิหารแดง","Amphoe Wihan Daeng",,"19"
"127","1910","เสาไห้","Amphoe Sao Hai",,"19"
"128","1903","หนองแค","Amphoe Nong Khae",,"19"
"129","1905","หนองแซง","Amphoe Nong Saeng",,"19"
"130","1908","หนองโดน","Amphoe Nong Don",,"19"
"131","2008","เกาะสีชัง","Amphoe Ko Sichang",,"20"
"132","2002","บ้านบึง","Amphoe Ban Bueng",,"20"
"133","2005","พานทอง","Amphoe Phan Thong",,"20"
"134","2007","ศรีราชา","Amphoe Si Racha",,"20"
"135","2011","เกาะจันทร์","Amphoe Ko Chan",,"20"
"136","2010","บ่อทอง","Amphoe Bo Thong",,"20"
"137","2004","บางละมุง","Amphoe Bang Lamung",,"20"
"138","2006","พนัสนิคม","Amphoe Phanat Nikhom",,"20"
"139","2001","เมืองชลบุรี","Amphoe Mueang Chon Buri",,"20"
"140","2009","สัตหีบ","Amphoe Sattahip",,"20"
"141","2003","หนองใหญ่","Amphoe Nong Yai",,"20"
"142","2103","แกลง","Amphoe Klaeng",,"21"
"143","2107","เขาชะเมา","Amphoe Khao Chamao",,"21"
"144","2108","นิคมพัฒนา","Amphoe Nikhom Phatthana",,"21"
"145","2105","บ้านค่าย","Amphoe Ban Khai",,"21"
"146","2102","บ้านฉาง","Amphoe Ban Chang",,"21"
"147","2106","ปลวกแดง","Amphoe Pluak Daeng",,"21"
"148","2101","เมืองระยอง","Amphoe Mueang Rayong",,"21"
"149","2104","วังจันทร์","Amphoe Wang Chan",,"21"
"150","2208","แก่งหางแมว","Amphoe Kaeng Hang Maeo",,"22"
"151","2202","ขลุง","Amphoe Khlung",,"22"
"152","2210","เขาคิชฌกูฏ","Amphoe Khao Khitchakut",,"22"
"153","2203","ท่าใหม่","Amphoe Tha Mai",,"22"
"154","2209","นายายอาม","Amphoe Na Yai Am",,"22"
"155","2204","โป่งน้ำร้อน","Amphoe Pong Nam Ron",,"22"
"156","2205","มะขาม","Amphoe Makham",,"22"
"157","2201","เมืองจันทบุรี","Amphoe Mueang Chanthaburi",,"22"
"158","2207","สอยดาว","Amphoe Soi Dao",,"22"
"159","2206","แหลมสิงห์","Amphoe Laem Sing",,"22"
"160","2306","เกาะกูด","Amphoe Ko Kut",,"23"
"161","2307","เกาะช้าง","Amphoe Ko Chang",,"23"
"162","2303","เขาสมิง","Amphoe Khao Saming",,"23"
"163","2302","คลองใหญ่","Amphoe Khlong Yai",,"23"
"164","2304","บ่อไร่","Amphoe Bo Rai",,"23"
"165","2301","เมืองตราด","Amphoe Mueang Trat",,"23"
"166","2305","แหลมงอบ","Amphoe Laem Ngop",,"23"
"167","2411","คลองเขื่อน","Amphoe Khlong Khuean",,"24"
"168","2410","ท่าตะเกียบ","Amphoe Tha Takiap",,"24"
"169","2402","บางคล้า","Amphoe Bang Khla",,"24"
"170","2403","บางน้ำเปรี้ยว","Amphoe Bang Nam Priao",,"24"
"171","2404","บางปะกง","Amphoe Bang Pakong",,"24"
"172","2405","บ้านโพธิ์","Amphoe Ban Pho",,"24"
"173","2409","แปลงยาว","Amphoe Plaeng Yao",,"24"
"174","2406","พนมสารคาม","Amphoe Phanom Sarakham",,"24"
"175","2401","เมืองฉะเชิงเทรา","Amphoe Mueang Chachoengsao",,"24"
"176","2407","ราชสาส์น","Amphoe Ratchasan",,"24"
"177","2408","สนามชัยเขต","Amphoe Sanam Chai Khet",,"24"
"178","2502","กบินทร์บุรี","Amphoe Kabin Buri",,"25"
"179","2503","นาดี","Amphoe Na Di",,"25"
"180","2506","บ้านสร้าง","Amphoe Ban Sang",,"25"
"181","2507","ประจันตคาม","Amphoe Prachantakham",,"25"
"182","2501","เมืองปราจีนบุรี","Amphoe Mueang Prachin Buri",,"25"
"183","2508","ศรีมหาโพธิ","Amphoe Si Maha Phot",,"25"
"184","2509","ศรีมโหสถ","Amphoe Si Mahosot",,"25"
"185","2603","บ้านนา","Amphoe Ban Na",,"26"
"186","2602","ปากพลี","Amphoe Pak Phli",,"26"
"187","2601","เมืองนครนายก","Amphoe Mueang Nakhon Nayok",,"26"
"188","2604","องครักษ์","Amphoe Ongkharak",,"26"
"189","2707","เขาฉกรรจ์","Amphoe Khao Chakan",,"27"
"190","2702","คลองหาด","Amphoe Khlong Hat",,"27"
"191","2708","โคกสูง","Amphoe Khok Sung",,"27"
"192","2703","ตาพระยา","Amphoe Ta Phraya",,"27"
"193","2701","เมืองสระแก้ว","Amphoe Mueang Sa Kaeo",,"27"
"194","2704","วังน้ำเย็น","Amphoe Wang Nam Yen",,"27"
"195","2709","วังสมบูรณ์","Amphoe Wang Sombun",,"27"
"196","2705","วัฒนานคร","Amphoe Watthana Nakhon",,"27"
"197","2706","อรัญประเทศ","Amphoe Aranyaprathet",,"27"
"198","3023","แก้งสนามนาง","Amphoe Kaeng Sanam Nang",,"30"
"199","3019","ขามทะเลสอ","Amphoe Kham Thale So",,"30"
"200","3011","ขามสะแกแสง","Amphoe Kham Sakaesaeng",,"30"
"201","3004","คง","Amphoe Khong",,"30"
"202","3002","ครบุรี","Amphoe Khon Buri",,"30"
"203","3006","จักราช","Amphoe Chakkarat",,"30"
"204","3032","เฉลิมพระเกียรติ","Amphoe Chaloem Phra Kiat",,"30"
"205","3017","ชุมพวง","Amphoe Chum Phuang",,"30"
"206","3007","โชคชัย","Amphoe Chok Chai",,"30"
"207","3008","ด่านขุนทด","Amphoe Dan Khun Thot",,"30"
"208","3026","เทพารักษ์","Amphoe Thepharak",,"30"
"209","3024","โนนแดง","Amphoe Non Daeng",,"30"
"210","3009","โนนไทย","Amphoe Non Thai",,"30"
"211","3010","โนนสูง","Amphoe Non Sung",,"30"
"212","3030","บัวลาย","Amphoe Bua Lai",,"30"
"213","3012","บัวใหญ่","Amphoe Bua Yai",,"30"
"214","3005","บ้านเหลื่อม","Amphoe Ban Lueam",,"30"
"215","3013","ประทาย","Amphoe Prathai",,"30"
"216","3014","ปักธงชัย","Amphoe Pak Thong Chai",,"30"
"217","3021","ปากช่อง","Amphoe Pak Chong",,"30"
"218","3028","พระทองคำ","Amphoe Phra Thong Kham",,"30"
"219","3015","พิมาย","Amphoe Phimai",,"30"
"220","3001","เมืองนครราชสีมา","Amphoe Mueang Nakhon Ratchasima",,"30"
"221","3027","เมืองยาง","Amphoe Mueang Yang",,"30"
"222","3029","ลำทะเมนชัย","Amphoe Lam Thamenchai",,"30"
"223","3025","วังน้ำเขียว","Amphoe Wang Nam Khiao",,"30"
"224","3020","สีคิ้ว","Amphoe Sikhio",,"30"
"225","3031","สีดา","Amphoe Sida",,"30"
"226","3018","สูงเนิน","Amphoe Sung Noen",,"30"
"227","3003","เสิงสาง","Amphoe Soeng Sang",,"30"
"228","3022","หนองบุญมาก","Amphoe Nong Bun Mak",,"30"
"229","3016","ห้วยแถลง","Amphoe Huai Thalaeng",,"30"
"230","3103","กระสัง","Amphoe Krasang",,"31"
"231","3102","คูเมือง","Amphoe Khu Mueang",,"31"
"232","3122","แคนดง","Amphoe Khaen Dong",,"31"
"233","3123","เฉลิมพระเกียรติ","Amphoe Chaloem Phra Kiat",,"31"
"234","3118","ชำนิ","Amphoe Chamni",,"31"
"235","3104","นางรอง","Amphoe Nang Rong",,"31"
"236","3113","นาโพธิ์","Amphoe Na Pho",,"31"
"237","3120","โนนดินแดง","Amphoe Non Din Daeng",,"31"
"238","3117","โนนสุวรรณ","Amphoe Non Suwan",,"31"
"239","3108","บ้านกรวด","Amphoe Ban Kruat",,"31"
"240","3121","บ้านด่าน","Amphoe Ban Dan",,"31"
"241","3119","บ้านใหม่ไชยพจน์","Amphoe Ban Mai Chaiyaphot",,"31"
"242","3107","ประโคนชัย","Amphoe Prakhon Chai",,"31"
"243","3112","ปะคำ","Amphoe Pakham",,"31"
"244","3115","พลับพลาชัย","Amphoe Phlapphla Chai",,"31"
"245","3109","พุทไธสง","Amphoe Phutthaisong",,"31"
"246","3101","เมืองบุรีรัมย์","Amphoe Mueang Buri Ram",,"31"
"247","3106","ละหานทราย","Amphoe Lahan Sai",,"31"
"248","3110","ลำปลายมาศ","Amphoe Lam Plai Mat",,"31"
"249","3111","สตึก","Amphoe Satuek",,"31"
"250","3105","หนองกี่","Amphoe Nong Ki",,"31"
"251","3114","หนองหงส์","Amphoe Nong Hong",,"31"
"252","3116","ห้วยราช","Amphoe Huai Rat",,"31"
"253","3206","กาบเชิง","Amphoe Kap Choeng",,"32"
"254","3216","เขวาสินรินทร์","Amphoe Khwao Sinrin",,"32"
"255","3204","จอมพระ","Amphoe Chom Phra",,"32"
"256","3202","ชุมพลบุรี","Amphoe Chumphon Buri",,"32"
"257","3203","ท่าตูม","Amphoe Tha Tum",,"32"
"258","3217","โนนนารายณ์","Amphoe Non Narai",,"32"
"259","3213","บัวเชด","Amphoe Buachet",,"32"
"260","3205","ปราสาท","Amphoe Prasat",,"32"
"261","3214","พนมดงรัก","Amphoe Phanom Dong Rak",,"32"
"262","3201","เมืองสุรินทร์","Amphoe Mueang Surin",,"32"
"263","3207","รัตนบุรี","Amphoe Rattanaburi",,"32"
"264","3211","ลำดวน","Amphoe Lamduan",,"32"
"265","3215","ศรีณรงค์","Amphoe Si Narong",,"32"
"266","3209","ศีขรภูมิ","Amphoe Sikhoraphum",,"32"
"267","3208","สนม","Amphoe Sanom",,"32"
"268","3210","สังขะ","Amphoe Sangkha",,"32"
"269","3212","สำโรงทาบ","Amphoe Samrong Thap",,"32"
"270","3304","กันทรลักษ์","Amphoe Kantharalak",,"33"
"271","3303","กันทรารมย์","Amphoe Kanthararom",,"33"
"272","3305","ขุขันธ์","Amphoe Khukhan",,"33"
"273","3308","ขุนหาญ","Amphoe Khun Han",,"33"
"274","3315","น้ำเกลี้ยง","Amphoe Nam Kliang",,"33"
"275","3313","โนนคูณ","Amphoe Non Khun",,"33"
"276","3311","บึงบูรพ์","Amphoe Bueng Bun",,"33"
"277","3319","เบญจลักษ์","Amphoe Benchalak",,"33"
"278","3307","ปรางค์กู่","Amphoe Prang Ku",,"33"
"279","3320","พยุห์","Amphoe Phayu",,"33"
"280","3321","โพธิ์ศรีสุวรรณ","Amphoe Pho Si Suwan",,"33"
"281","3306","ไพรบึง","Amphoe Phrai Bueng",,"33"
"282","3317","ภูสิงห์","Amphoe Phu Sing",,"33"
"283","3318","เมืองจันทร์","Amphoe Mueang Chan",,"33"
"284","3301","เมืองศรีสะเกษ","Amphoe Mueang Si Sa Ket",,"33"
"285","3302","ยางชุมน้อย","Amphoe Yang Chum Noi",,"33"
"286","3309","ราษีไศล","Amphoe Rasi Salai",,"33"
"287","3316","วังหิน","Amphoe Wang Hin",,"33"
"288","3314","ศรีรัตนะ","Amphoe Si Rattana",,"33"
"289","3322","ศิลาลาด","Amphoe Sila Lat",,"33"
"290","3312","ห้วยทับทัน","Amphoe Huai Thap Than",,"33"
"291","3310","อุทุมพรพิสัย","Amphoe Uthumphon Phisai",,"33"
"292","3412","กุดข้าวปุ้น","Amphoe Kut Khaopun",,"34"
"293","3405","เขมราฐ","Amphoe Khemmarat",,"34"
"294","3404","เขื่องใน","Amphoe Khueang Nai",,"34"
"295","3403","โขงเจียม","Amphoe Khong Chiam",,"34"
"296","3424","ดอนมดแดง","Amphoe Don Mot Daeng",,"34"
"297","3407","เดชอุดม","Amphoe Det Udom",,"34"
"298","3411","ตระการพืชผล","Amphoe Trakan Phuet Phon",,"34"
"299","3420","ตาลสุม","Amphoe Tan Sum",,"34"
"300","3426","ทุ่งศรีอุดม","Amphoe Thung Si Udom",,"34"
"301","3408","นาจะหลวย","Amphoe Na Chaluai",,"34"
"302","3430","นาตาล","Amphoe Na Tan",,"34"
"303","3429","นาเยีย","Amphoe Na Yia",,"34"
"304","3433","น้ำขุ่น","Amphoe Nam Khun",,"34"
"305","3409","น้ำยืน","Amphoe Nam Yuen",,"34"
"306","3410","บุณฑริก","Amphoe Buntharik",,"34"
"307","3419","พิบูลมังสาหาร","Amphoe Phibun Mangsahan",,"34"
"308","3421","โพธิ์ไทร","Amphoe Pho Sai",,"34"
"309","3414","ม่วงสามสิบ","Amphoe Muang Sam Sip",,"34"
"310","3401","เมืองอุบลราชธานี","Amphoe Mueang Ubon Ratchathani",,"34"
"311","3415","วารินชำราบ","Amphoe Warin Chamrap",,"34"
"312","3402","ศรีเมืองใหม่","Amphoe Si Mueang Mai",,"34"
"313","3432","สว่างวีระวงศ์","Amphoe Sawang Wirawong",,"34"
"314","3422","สำโรง","Amphoe Samrong",,"34"
"315","3425","สิรินธร","Amphoe Sirindhorn",,"34"
"316","3431","เหล่าเสือโก้ก","Amphoe Lao Suea Kok",,"34"
"317","3503","กุดชุม","Amphoe Kut Chum",,"35"
"318","3507","ค้อวัง","Amphoe Kho Wang",,"35"
"319","3504","คำเขื่อนแก้ว","Amphoe Kham Khuean Kaeo",,"35"
"320","3502","ทรายมูล","Amphoe Sai Mun",,"35"
"321","3509","ไทยเจริญ","Amphoe Thai Charoen",,"35"
"322","3505","ป่าติ้ว","Amphoe Pa Tio",,"35"
"323","3506","มหาชนะชัย","Amphoe Maha Chana Chai",,"35"
"324","3501","เมืองยโสธร","Amphoe Mueang Yasothon",,"35"
"325","3508","เลิงนกทา","Amphoe Loeng Nok Tha",,"35"
"326","3604","เกษตรสมบูรณ์","Amphoe Kaset Sombun",,"36"
"327","3612","แก้งคร้อ","Amphoe Kaeng Khro",,"36"
"328","3603","คอนสวรรค์","Amphoe Khon Sawan",,"36"
"329","3613","คอนสาร","Amphoe Khon San",,"36"
"330","3606","จัตุรัส","Amphoe Chatturat",,"36"
"331","3616","ซับใหญ่","Amphoe Sap Yai",,"36"
"332","3609","เทพสถิต","Amphoe Thep Sathit",,"36"
"333","3615","เนินสง่า","Amphoe Noen Sa-nga",,"36"
"334","3602","บ้านเขว้า","Amphoe Ban Khwao",,"36"
"335","3611","บ้านแท่น","Amphoe Ban Thaen",,"36"
"336","3607","บำเหน็จณรงค์","Amphoe Bamnet Narong",,"36"
"337","3614","ภักดีชุมพล","Amphoe Phakdi Chumphon",,"36"
"338","3610","ภูเขียว","Amphoe Phu Khiao",,"36"
"339","3601","เมืองชัยภูมิ","Amphoe Mueang Chaiyaphum",,"36"
"340","3605","หนองบัวแดง","Amphoe Nong Bua Daeng",,"36"
"341","3608","หนองบัวระเหว","Amphoe Nong Bua Rawe",,"36"
"342","3702","ชานุมาน","Amphoe Chanuman",,"37"
"343","3703","ปทุมราชวงศา","Amphoe Pathum Ratchawongsa",,"37"
"344","3704","พนา","Amphoe Phana",,"37"
"345","3701","เมืองอำนาจเจริญ","Amphoe Mueang Amnat Charoen",,"37"
"346","3707","ลืออำนาจ","Amphoe Lue Amnat",,"37"
"347","3705","เสนางคนิคม","Amphoe Senangkhanikhom",,"37"
"348","3706","หัวตะพาน","Amphoe Hua Taphan",,"37"
"349","3804","เซกา","Amphoe Seka",,"38"
"350","3803","โซ่พิสัย","Amphoe So Phisai",,"38"
"351","3806","บึงโขงหลง","Amphoe Bueng Khong Long",,"38"
"352","3808","บุ่งคล้า","Amphoe Bung Khla",,"38"
"353","3805","ปากคาด","Amphoe Pak Khat",,"38"
"354","3802","พรเจริญ","Amphoe Phon Charoen",,"38"
"355","3801","เมืองบึงกาฬ","Amphoe Mueang Bueng Kan",,"38"
"356","3807","ศรีวิไล","Amphoe Si Wilai",,"38"
"357","3902","นากลาง","Amphoe Na Klang",,"39"
"358","3906","นาวัง","Amphoe Na Wang",,"39"
"359","3903","โนนสัง","Amphoe Non Sang",,"39"
"360","3901","เมืองหนองบัวลำภู","Amphoe Mueang Nong Bua Lam Phu",,"39"
"361","3904","ศรีบุญเรือง","Amphoe Si Bun Rueang",,"39"
"362","3905","สุวรรณคูหา","Amphoe Suwannakhuha",,"39"
"363","4009","กระนวน","Amphoe Kranuan",,"40"
"364","4019","เขาสวนกวาง","Amphoe Khao Suan Kwang",,"40"
"365","4022","โคกโพธิ์ไชย","Amphoe Khok Pho Chai",,"40"
"366","4018","ชนบท","Amphoe Chonnabot",,"40"
"367","4005","ชุมแพ","Amphoe Chum Phae",,"40"
"368","4021","ซำสูง","Amphoe Sam Sung",,"40"
"369","4007","น้ำพอง","Amphoe Nam Phong",,"40"
"370","4025","โนนศิลา","Amphoe Non Sila",,"40"
"371","4010","บ้านไผ่","Amphoe Ban Phai",,"40"
"372","4002","บ้านฝาง","Amphoe Ban Fang",,"40"
"373","4024","บ้านแฮด","Amphoe Ban Haet",,"40"
"374","4011","เปือยน้อย","Amphoe Pueai Noi",,"40"
"375","4003","พระยืน","Amphoe Phra Yuen",,"40"
"376","4012","พล","Amphoe Phon",,"40"
"377","4020","ภูผาม่าน","Amphoe Phu Pha Man",,"40"
"378","4016","ภูเวียง","Amphoe Phu Wiang",,"40"
"379","4017","มัญจาคีรี","Amphoe Mancha Khiri",,"40"
"380","4001","เมืองขอนแก่น","Amphoe Mueang Khon Kaen",,"40"
"381","4029","เวียงเก่า","Amphoe Wiang Kao",,"40"
"382","4014","แวงน้อย","Amphoe Waeng Noi",,"40"
"383","4013","แวงใหญ่","Amphoe Waeng Yai",,"40"
"384","4006","สีชมพู","Amphoe Si Chomphu",,"40"
"385","4023","หนองนาคำ","Amphoe Nong Na Kham",,"40"
"386","4004","หนองเรือ","Amphoe Nong Ruea",,"40"
"387","4015","หนองสองห้อง","Amphoe Nong Song Hong",,"40"
"388","4008","อุบลรัตน์","Amphoe Ubolratana",,"40"
"389","4102","กุดจับ","Amphoe Kut Chap",,"41"
"390","4101","เมืองอุดรธานี","Amphoe Mueang Udon Thani",,"41"
"391","4121","หนองแสง","Amphoe Nong Saeng",,"41"
"392","4104","กุมภวาปี","Amphoe Kumphawapi",,"41"
"393","4124","กู่แก้ว","Amphoe Ku Kaeo",,"41"
"394","4108","ไชยวาน","Amphoe Chai Wan",,"41"
"395","4107","ทุ่งฝน","Amphoe Thung Fon",,"41"
"396","4122","นายูง","Amphoe Na Yung",,"41"
"397","4118","น้ำโสม","Amphoe Nam Som",,"41"
"398","4105","โนนสะอาด","Amphoe Non Sa-at",,"41"
"399","4111","บ้านดุง","Amphoe Ban Dung",,"41"
"400","4117","บ้านผือ","Amphoe Ban Phue",,"41"
"401","4125","ประจักษ์ศิลปาคม","Amphoe Prachak Sinlapakhom",,"41"
"402","4123","พิบูลย์รักษ์","Amphoe Phibun Rak",,"41"
"403","4119","เพ็ญ","Amphoe phen",,"41"
"404","4110","วังสามหมอ","Amphoe Wang Sam Mo",,"41"
"405","4109","ศรีธาตุ","Amphoe Si That",,"41"
"406","4120","สร้างคอม","Amphoe Sang Khom",,"41"
"407","4103","หนองวัวซอ","Amphoe Nong Wua So",,"41"
"408","4106","หนองหาน","Amphoe Nong Han",,"41"
"409","4203","เชียงคาน","Amphoe Chiang Khan",,"42"
"410","4205","ด่านซ้าย","Amphoe Dan Sai",,"42"
"411","4208","ท่าลี่","Amphoe Tha Li",,"42"
"412","4202","นาด้วง","Amphoe Na Duang",,"42"
"413","4206","นาแห้ว","Amphoe Na Haeo",,"42"
"414","4204","ปากชม","Amphoe Pak Chom",,"42"
"415","4212","ผาขาว","Amphoe Pha Khao",,"42"
"416","4210","ภูกระดึง","Amphoe Phu Kradueng",,"42"
"417","4207","ภูเรือ","Amphoe Phu Ruea",,"42"
"418","4211","ภูหลวง","Amphoe Phu Luang",,"42"
"419","4201","เมืองเลย","Amphoe Mueang Loei",,"42"
"420","4209","วังสะพุง","Amphoe Wang Saphung",,"42"
"421","4214","หนองหิน","Amphoe Nong Hin",,"42"
"422","4213","เอราวัณ","Amphoe Erawan",,"42"
"423","4302","ท่าบ่อ","Amphoe Tha Bo",,"43"
"424","4315","เฝ้าไร่","Amphoe Fao Rai",,"43"
"425","4317","โพธิ์ตาก","Amphoe Pho Tak",,"43"
"426","4305","โพนพิสัย","Amphoe Phon Phisai",,"43"
"427","4301","เมืองหนองคาย","Amphoe Mueang Nong Khai",,"43"
"428","4316","รัตนวาปี","Amphoe Rattanawapi",,"43"
"429","4307","ศรีเชียงใหม่","Amphoe Si Chiang Mai",,"43"
"430","4314","สระใคร","Amphoe Sakhrai",,"43"
"431","4308","สังคม","Amphoe Sangkhom",,"43"
"432","4404","กันทรวิชัย","Amphoe Kantharawichai",,"44"
"433","4412","กุดรัง","Amphoe Kut Rang",,"44"
"434","4402","แกดำ","Amphoe Kae Dam",,"44"
"435","4403","โกสุมพิสัย","Amphoe Kosum Phisai",,"44"
"436","4413","ชื่นชม","Amphoe Chuen Chom",,"44"
"437","4405","เชียงยืน","Amphoe Chiang Yuen",,"44"
"438","4407","นาเชือก","Amphoe Na Chueak",,"44"
"439","4410","นาดูน","Amphoe Na Dun",,"44"
"440","4406","บรบือ","Amphoe Borabue",,"44"
"441","4408","พยัคฆภูมิพิสัย","Amphoe Phayakkhaphum Phisai",,"44"
"442","4401","เมืองมหาสารคาม","Amphoe Mueang Maha Sarakham",,"44"
"443","4411","ยางสีสุราช","Amphoe Yang Sisurat",,"44"
"444","4409","วาปีปทุม","Amphoe Wapi Pathum",,"44"
"445","4502","เกษตรวิสัย","Amphoe Kaset Wisai",,"45"
"446","4504","จตุรพักตรพิมาน","Amphoe Chaturaphak Phiman",,"45"
"447","4517","จังหาร","Amphoe Changhan",,"45"
"448","4518","เชียงขวัญ","Amphoe Chiang Khwan",,"45"
"449","4520","ทุ่งเขาหลวง","Amphoe Thung Khao Luang",,"45"
"450","4505","ธวัชบุรี","Amphoe Thawat Buri",,"45"
"451","4503","ปทุมรัตต์","Amphoe Pathum Rat",,"45"
"452","4506","พนมไพร","Amphoe Phanom Phrai",,"45"
"453","4508","โพธิ์ชัย","Amphoe Pho Chai",,"45"
"454","4513","โพนทราย","Amphoe Phon Sai",,"45"
"455","4507","โพนทอง","Amphoe Phon Thong",,"45"
"456","4515","เมยวดี","Amphoe Moei Wadi",,"45"
"457","4501","เมืองร้อยเอ็ด","Amphoe Mueang Roi Et",,"45"
"458","4512","เมืองสรวง","Amphoe Mueang Suang",,"45"
"459","4516","ศรีสมเด็จ","Amphoe Si Somdet",,"45"
"460","4511","สุวรรณภูมิ","Amphoe Suwannaphum",,"45"
"461","4510","เสลภูมิ","Amphoe Selaphum",,"45"
"462","4509","หนองพอก","Amphoe Nong Phok",,"45"
"463","4519","หนองฮี","Amphoe Nong Hi",,"45"
"464","4514","อาจสามารถ","Amphoe At Samat",,"45"
"465","4603","กมลาไสย","Amphoe Kamalasai",,"46"
"466","4605","กุฉินารายณ์","Amphoe Kuchinarai",,"46"
"467","4606","เขาวง","Amphoe Khao Wong",,"46"
"468","4610","คำม่วง","Amphoe Kham Muang",,"46"
"469","4618","ฆ้องชัย","Amphoe Khong Chai",,"46"
"470","4617","ดอนจาน","Amphoe Don Chan",,"46"
"471","4611","ท่าคันโท","Amphoe Tha Khantho",,"46"
"472","4616","นาคู","Amphoe Na Khu",,"46"
"473","4602","นามน","Amphoe Na Mon",,"46"
"474","4601","เมืองกาฬสินธุ์","Amphoe Mueang Kalasin",,"46"
"475","4607","ยางตลาด","Amphoe Yang Talat",,"46"
"476","4604","ร่องคำ","Amphoe Rong Kham",,"46"
"477","4613","สมเด็จ","Amphoe Somdet",,"46"
"478","4609","สหัสขันธ์","Amphoe Sahatsakhan",,"46"
"479","4615","สามชัย","Amphoe Sam Chai",,"46"
"480","4612","หนองกุงศรี","Amphoe Nong Kung Si",,"46"
"481","4614","ห้วยผึ้ง","Amphoe Huai Phueng",,"46"
"482","4608","ห้วยเม็ก","Amphoe Huai Mek",,"46"
"483","4703","กุดบาก","Amphoe Kut Bak",,"47"
"484","4702","กุสุมาลย์","Amphoe Kusuman",,"47"
"485","4709","คำตากล้า","Amphoe Kham Ta Kla",,"47"
"486","4715","โคกศรีสุพรรณ","Amphoe Khok Si Suphan",,"47"
"487","4716","เจริญศิลป์","Amphoe Charoen Sin",,"47"
"488","4714","เต่างอย","Amphoe Tao Ngoi",,"47"
"489","4707","นิคมน้ำอูน","Amphoe Nikhom Nam Un",,"47"
"490","4710","บ้านม่วง","Amphoe Ban Muang",,"47"
"491","4704","พรรณานิคม","Amphoe Phanna Nikhom",,"47"
"492","4705","พังโคน","Amphoe Phang Khon",,"47"
"493","4717","โพนนาแก้ว","Amphoe Phon Na Kaeo",,"47"
"494","4718","ภูพาน","Amphoe Phu Phan",,"47"
"495","4701","เมืองสกลนคร","Amphoe Mueang Sakon Nakhon",,"47"
"496","4708","วานรนิวาส","Amphoe Wanon Niwat",,"47"
"497","4706","วาริชภูมิ","Amphoe Waritchaphum",,"47"
"498","4712","สว่างแดนดิน","Amphoe Sawang Daen Din",,"47"
"499","4713","ส่องดาว","Amphoe Song Dao",,"47"
"500","4711","อากาศอำนวย","Amphoe Akat Amnuai",,"47"
"501","4803","ท่าอุเทน","Amphoe Tha Uthen",,"48"
"502","4805","ธาตุพนม","Amphoe That Phanom",,"48"
"503","4807","นาแก","Amphoe Na Kae",,"48"
"504","4811","นาทม","Amphoe Na Thom",,"48"
"505","4809","นาหว้า","Amphoe Na Wa",,"48"
"506","4804","บ้านแพง","Amphoe Ban Phaeng",,"48"
"507","4802","ปลาปาก","Amphoe Pla Pak",,"48"
"508","4810","โพนสวรรค์","Amphoe Phon Sawan",,"48"
"509","4801","เมืองนครพนม","Amphoe Mueang Nakhon Phanom",,"48"
"510","4806","เรณูนคร","Amphoe Renu Nakhon",,"48"
"511","4812","วังยาง","Amphoe Wang Yang",,"48"
"512","4808","ศรีสงคราม","Amphoe Si Songkhram",,"48"
"513","4905","คำชะอี","Amphoe Khamcha-I",,"49"
"514","4904","ดงหลวง","Amphoe Dong Luang",,"49"
"515","4903","ดอนตาล","Amphoe Don Tan",,"49"
"516","4902","นิคมคำสร้อย","Amphoe Nikhom Kham Soi",,"49"
"517","4901","เมืองมุกดาหาร","Amphoe Mueang Mukdahan",,"49"
"518","4907","หนองสูง","Amphoe Nong Sung",,"49"
"519","4906","หว้านใหญ่","Amphoe Wan Yai",,"49"
"520","5025","กัลยาณิวัฒนา","Amphoe Kanlayaniwatthana",,"50"
"521","5002","จอมทอง","Amphoe Chom Thong",,"50"
"522","5004","เชียงดาว","Amphoe Chiang Dao",,"50"
"523","5021","ไชยปราการ","Amphoe Chai Prakan",,"50"
"524","5017","ดอยเต่า","Amphoe Doi Tao",,"50"
"525","5005","ดอยสะเก็ด","Amphoe Doi Saket",,"50"
"526","5024","ดอยหล่อ","Amphoe Doi Lo",,"50"
"527","5009","ฝาง","Amphoe Fang",,"50"
"528","5011","พร้าว","Amphoe Phrao",,"50"
"529","5001","เมืองเชียงใหม่","Amphoe Mueang Chiang Mai",,"50"
"530","5003","แม่แจ่ม","Amphoe Mae Chaem",,"50"
"531","5006","แม่แตง","Amphoe Mae Taeng",,"50"
"532","5007","แม่ริม","Amphoe Mae Rim",,"50"
"533","5022","แม่วาง","Amphoe Mae Wang",,"50"
"534","5023","แม่ออน","Amphoe Mae On",,"50"
"535","5010","แม่อาย","Amphoe Mae Ai",,"50"
"536","5020","เวียงแหง","Amphoe Wiang Haeng",,"50"
"537","5008","สะเมิง","Amphoe Samoeng",,"50"
"538","5013","สันกำแพง","Amphoe San Kamphaeng",,"50"
"539","5014","สันทราย","Amphoe San Sai",,"50"
"540","5012","สันป่าตอง","Amphoe San Pa Tong",,"50"
"541","5019","สารภี","Amphoe Saraphi",,"50"
"542","5015","หางดง","Amphoe Hang Dong",,"50"
"543","5018","อมก๋อย","Amphoe Omkoi",,"50"
"544","5016","ฮอด","Amphoe Hot",,"50"
"545","5105","ทุ่งหัวช้าง","Amphoe Thung Hua Chang",,"51"
"546","5107","บ้านธิ","Amphoe Ban Thi",,"51"
"547","5103","บ้านโฮ่ง","Amphoe Ban Hong",,"51"
"548","5106","ป่าซาง","Amphoe Pa Sang",,"51"
"549","5101","เมืองลำพูน","Amphoe Mueang Lamphun",,"51"
"550","5102","แม่ทา","Amphoe Mae Tha",,"51"
"551","5104","ลี้","Amphoe Li",,"51"
"552","5108","เวียงหนองล่อง","Amphoe Wiang Nong Long",,"51"
"553","5203","เกาะคา","Amphoe Ko Kha",,"52"
"554","5205","งาว","Amphoe Ngao",,"52"
"555","5206","แจ้ห่ม","Amphoe Chae Hom",,"52"
"556","5208","เถิน","Amphoe Thoen",,"52"
"557","5213","เมืองปาน","Amphoe Mueang Pan",,"52"
"558","5201","เมืองลำปาง","Amphoe Mueang Lampang",,"52"
"559","5210","แม่ทะ","Amphoe Mae Tha",,"52"
"560","5209","แม่พริก","Amphoe Mae Phrik",,"52"
"561","5202","แม่เมาะ","Amphoe Mae Mo",,"52"
"562","5207","วังเหนือ","Amphoe Wang Nuea",,"52"
"563","5211","สบปราบ","Amphoe Sop Prap",,"52"
"564","5204","เสริมงาม","Amphoe Soem Ngam",,"52"
"565","5212","ห้างฉัตร","Amphoe Hang Chat",,"52"
"566","5302","ตรอน","Amphoe Tron",,"53"
"567","5309","ทองแสนขัน","Amphoe Thong Saen Khan",,"53"
"568","5303","ท่าปลา","Amphoe Tha Pla",,"53"
"569","5304","น้ำปาด","Amphoe Nam Pat",,"53"
"570","5306","บ้านโคก","Amphoe Ban Khok",,"53"
"571","5307","พิชัย","Amphoe Phichai",,"53"
"572","5305","ฟากท่า","Amphoe Fak Tha",,"53"
"573","5301","เมืองอุตรดิตถ์","Amphoe Mueang Uttaradit",,"53"
"574","5308","ลับแล","Amphoe Laplae",,"53"
"575","5405","เด่นชัย","Amphoe Den Chai",,"54"
"576","5401","เมืองแพร่","Amphoe Mueang Phrae",,"54"
"577","5402","ร้องกวาง","Amphoe Rong Kwang",,"54"
"578","5403","ลอง","Amphoe Long",,"54"
"579","5407","วังชิ้น","Amphoe Wang Chin",,"54"
"580","5406","สอง","Amphoe Song",,"54"
"581","5404","สูงเม่น","Amphoe Sung Men",,"54"
"582","5408","หนองม่วงไข่","Amphoe Nong Muang Khai",,"54"
"583","5515","เฉลิมพระเกียรติ","Amphoe Chaloem Phra Kiat",,"55"
"584","5509","เชียงกลาง","Amphoe Chiang Klang",,"55"
"585","5506","ท่าวังผา","Amphoe Tha Wang Pha",,"55"
"586","5508","ทุ่งช้าง","Amphoe Thung Chang",,"55"
"587","5504","นาน้อย","Amphoe Na Noi",,"55"
"588","5510","นาหมื่น","Amphoe Na Muen",,"55"
"589","5512","บ่อเกลือ","Amphoe Bo Kluea",,"55"
"590","5503","บ้านหลวง","Amphoe Ban Luang",,"55"
"591","5505","ปัว","Amphoe Pua",,"55"
"592","5514","ภูเพียง","Amphoe Phu Phiang",,"55"
"593","5501","เมืองน่าน","Amphoe Mueang Nan",,"55"
"594","5502","แม่จริม","Amphoe Mae Charim",,"55"
"595","5507","เวียงสา","Amphoe Wiang Sa",,"55"
"596","5513","สองแคว","Amphoe Song Khwae",,"55"
"597","5511","สันติสุข","Amphoe Santi Suk",,"55"
"598","5602","จุน","Amphoe Chun",,"56"
"599","5603","เชียงคำ","Amphoe Chiang Kham",,"56"
"600","5604","เชียงม่วน","Amphoe Chiang Muan",,"56"
"601","5605","ดอกคำใต้","Amphoe Dok Khamtai",,"56"
"602","5606","ปง","Amphoe Pong",,"56"
"603","5609","ภูกามยาว","Amphoe Phu Kamyao",,"56"
"604","5608","ภูซาง","Amphoe Phu Sang",,"56"
"605","5601","เมืองพะเยา","Amphoe Mueang Phayao",,"56"
"606","5607","แม่ใจ","Amphoe Mae Chai",,"56"
"607","5714","ขุนตาล","Amphoe Khun Tan",,"57"
"608","5703","เชียงของ","Amphoe Chiang Khong",,"57"
"609","5708","เชียงแสน","Amphoe Chiang Saen",,"57"
"610","5718","ดอยหลวง","Amphoe Doi Luang",,"57"
"611","5704","เทิง","Amphoe Thoeng",,"57"
"612","5706","ป่าแดด","Amphoe Pa Daet",,"57"
"613","5712","พญาเม็งราย","Amphoe Phaya Mengrai",,"57"
"614","5705","พาน","Amphoe Phan",,"57"
"615","5701","เมืองเชียงราย","Amphoe Mueang Chiang Rai",,"57"
"616","5707","แม่จัน","Amphoe Mae Chan",,"57"
"617","5715","แม่ฟ้าหลวง","Amphoe Mae Fa Luang",,"57"
"618","5716","แม่ลาว","Amphoe Mae Lao",,"57"
"619","5710","แม่สรวย","Amphoe Mae Suai",,"57"
"620","5709","แม่สาย","Amphoe Mae Sai",,"57"
"621","5713","เวียงแก่น","Amphoe Wiang Kaen",,"57"
"622","5702","เวียงชัย","Amphoe Wiang Chai",,"57"
"623","5717","เวียงเชียงรุ้ง","Amphoe Wiang Chiang Rung",,"57"
"624","5711","เวียงป่าเป้า","Amphoe Wiang Pa Pao",,"57"
"625","5802","ขุนยวม","Amphoe Khun Yuam",,"58"
"626","5807","ปางมะผ้า","Amphoe Pang Mapha",,"58"
"627","5803","ปาย","Amphoe Pai",,"58"
"628","5801","เมืองแม่ฮ่องสอน","Amphoe Mueang Mae Hong Son",,"58"
"629","5805","แม่ลาน้อย","Amphoe Mae La Noi",,"58"
"630","5804","แม่สะเรียง","Amphoe Mae Sariang",,"58"
"631","5806","สบเมย","Amphoe Sop Moei",,"58"
"632","6006","เก้าเลี้ยว","Amphoe Kao Liao",,"60"
"633","6002","โกรกพระ","Amphoe Krok Phra",,"60"
"634","6015","ชุมตาบง","Amphoe Chum Ta Bong",,"60"
"635","6003","ชุมแสง","Amphoe Chum Saeng",,"60"
"636","6012","ตากฟ้า","Amphoe Tak Fa",,"60"
"637","6007","ตาคลี","Amphoe Takhli",,"60"
"638","6008","ท่าตะโก","Amphoe Tha Tako",,"60"
"639","6005","บรรพตพิสัย","Amphoe Banphot Phisai",,"60"
"640","6010","พยุหะคีรี","Amphoe Phayuha Khiri",,"60"
"641","6009","ไพศาลี","Amphoe Phaisali",,"60"
"642","6001","เมืองนครสวรรค์","Amphoe Mueang Nakhon Sawan",,"60"
"643","6014","แม่เปิน","Amphoe Mae Poen",,"60"
"644","6013","แม่วงก์","Amphoe Mae Wong",,"60"
"645","6011","ลาดยาว","Amphoe Lat Yao",,"60"
"646","6004","หนองบัว","Amphoe Nong Bua",,"60"
"647","6102","ทัพทัน","Amphoe Thap Than",,"61"
"648","6106","บ้านไร่","Amphoe Ban Rai",,"61"
"649","6101","เมืองอุทัยธานี","Amphoe Mueang Uthai Thani",,"61"
"650","6107","ลานสัก","Amphoe Lan Sak",,"61"
"651","6103","สว่างอารมณ์","Amphoe Sawang Arom",,"61"
"652","6105","หนองขาหย่าง","Amphoe Nong Khayang",,"61"
"653","6104","หนองฉาง","Amphoe Nong Chang",,"61"
"654","6108","ห้วยคต","Amphoe Huai Khot",,"61"
"655","6211","โกสัมพีนคร","Amphoe Kosamphi Nakhon",,"62"
"656","6204","ขาณุวรลักษบุรี","Amphoe Khanu Woralaksaburi",,"62"
"657","6205","คลองขลุง","Amphoe Khlong khlung",,"62"
"658","6203","คลองลาน","Amphoe Khlong Lan",,"62"
"659","6208","ทรายทองวัฒนา","Amphoe Sai Thong Watthana",,"62"
"660","6202","ไทรงาม","Amphoe Sai Ngam",,"62"
"661","6210","บึงสามัคคี","Amphoe Bueng Samakkhi",,"62"
"662","6209","ปางศิลาทอง","Amphoe Pang Sila Thong",,"62"
"663","6206","พรานกระต่าย","Amphoe Phran Kratai",,"62"
"664","6201","เมืองกำแพงเพชร","Amphoe Mueang Kamphaeng Phet",,"62"
"665","6207","ลานกระบือ","Amphoe Lan Krabue",,"62"
"666","6305","ท่าสองยาง","Amphoe Tha Song Yang",,"63"
"667","6302","บ้านตาก","Amphoe Ban Tak",,"63"
"668","6307","พบพระ","Amphoe Phop Phra",,"63"
"669","6301","เมืองตาก","Amphoe Mueang Tak",,"63"
"670","6304","แม่ระมาด","Amphoe Mae Ramat",,"63"
"671","6306","แม่สอด","Amphoe Mae Sot",,"63"
"672","6309","วังเจ้า","Amphoe Wang Chao",,"63"
"673","6303","สามเงา","Amphoe Sam Ngao",,"63"
"674","6308","อุ้มผาง","Amphoe Umphang",,"63"
"675","6404","กงไกรลาศ","Amphoe Kong Krailat",,"64"
"676","6403","คีรีมาศ","Amphoe Khiri Mat",,"64"
"677","6409","ทุ่งเสลี่ยม","Amphoe Thung Saliam",,"64"
"678","6402","บ้านด่านลานหอย","Amphoe Ban Dan Lan Hoi",,"64"
"679","6401","เมืองสุโขทัย","Amphoe Mueang Sukhothai",,"64"
"680","6408","ศรีนคร","Amphoe Si Nakhon",,"64"
"681","6405","ศรีสัชนาลัย","Amphoe Si Satchanalai",,"64"
"682","6406","ศรีสำโรง","Amphoe Si Samrong",,"64"
"683","6407","สวรรคโลก","Amphoe Sawankhalok",,"64"
"684","6503","ชาติตระการ","Amphoe Chat Trakan",,"65"
"685","6502","นครไทย","Amphoe Nakhon Thai",,"65"
"686","6509","เนินมะปราง","Amphoe Noen Maprang",,"65"
"687","6505","บางกระทุ่ม","Amphoe Bang Krathum",,"65"
"688","6504","บางระกำ","Amphoe Bang Rakam",,"65"
"689","6506","พรหมพิราม","Amphoe Phrom Phiram",,"65"
"690","6501","เมืองพิษณุโลก","Amphoe Mueang Phitsanulok",,"65"
"691","6508","วังทอง","Amphoe Wang Thong",,"65"
"692","6507","วัดโบสถ์","Amphoe Wat Bot",,"65"
"693","6611","ดงเจริญ","Amphoe Dong Charoen",,"66"
"694","6604","ตะพานหิน","Amphoe Taphan Hin",,"66"
"695","6608","ทับคล้อ","Amphoe Thap Khlo",,"66"
"696","6605","บางมูลนาก","Amphoe Bang Mun Nak",,"66"
"697","6610","บึงนาราง","Amphoe Bueng Na Rang",,"66"
"698","6606","โพทะเล","Amphoe Pho Thale",,"66"
"699","6603","โพธิ์ประทับช้าง","Amphoe Pho Prathap Chang",,"66"
"700","6601","เมืองพิจิตร","Amphoe Mueang Phichit",,"66"
"701","6612","วชิรบารมี","Amphoe Wachirabarami",,"66"
"702","6602","วังทรายพูน","Amphoe Wang Sai Phun",,"66"
"703","6609","สากเหล็ก","Amphoe Sak Lek",,"66"
"704","6607","สามง่าม","Amphoe Sam Ngam",,"66"
"705","6711","เขาค้อ","Amphoe Khao Kho",,"67"
"706","6702","ชนแดน","Amphoe Chon Daen",,"67"
"707","6709","น้ำหนาว","Amphoe Nam Nao",,"67"
"708","6708","บึงสามพัน","Amphoe Bueng Sam Phan",,"67"
"709","6701","เมืองเพชรบูรณ์","Amphoe Mueang Phetchabun",,"67"
"710","6710","วังโป่ง","Amphoe Wang Pong",,"67"
"711","6705","วิเชียรบุรี","Amphoe Wichian Buri",,"67"
"712","6706","ศรีเทพ","Amphoe Si Thep",,"67"
"713","6707","หนองไผ่","Amphoe Nong Phai",,"67"
"714","6704","หล่มเก่า","Amphoe Lom Kao",,"67"
"715","6703","หล่มสัก","Amphoe Lom Sak",,"67"
"716","7002","จอมบึง","Amphoe Chom Bueng",,"70"
"717","7004","ดำเนินสะดวก","Amphoe Damnoen Saduak",,"70"
"718","7006","บางแพ","Amphoe Bang Phae",,"70"
"719","7010","บ้านคา","Amphoe Ban Kha",,"70"
"720","7005","บ้านโป่ง","Amphoe Ban Pong",,"70"
"721","7008","ปากท่อ","Amphoe Pak Tho",,"70"
"722","7007","โพธาราม","Amphoe Photharam",,"70"
"723","7001","เมืองราชบุรี","Amphoe Mueang Ratchaburi",,"70"
"724","7009","วัดเพลง","Amphoe Wat Phleng",,"70"
"725","7003","สวนผึ้ง","Amphoe Suan Phueng",,"70"
"726","7111","ด่านมะขามเตี้ย","Amphoe Dan Makham Tia",,"71"
"727","7107","ทองผาภูมิ","Amphoe Thong Pha Phum",,"71"
"728","7106","ท่าม่วง","Amphoe Tha Muang",,"71"
"729","7105","ท่ามะกา","Amphoe Tha Maka",,"71"
"730","7102","ไทรโยค","Amphoe Sai Yok",,"71"
"731","7103","บ่อพลอย","Amphoe Bo Phloi",,"71"
"732","7109","พนมทวน","Amphoe Phanom Thuan",,"71"
"733","7101","เมืองกาญจนบุรี","Amphoe Mueang Kanchanaburi",,"71"
"734","7110","เลาขวัญ","Amphoe Lao Khwan",,"71"
"735","7104","ศรีสวัสดิ์","Amphoe Si Sawat",,"71"
"736","7108","สังขละบุรี","Amphoe Sangkhla Buri",,"71"
"737","7112","หนองปรือ","Amphoe Nong Prue",,"71"
"738","7113","ห้วยกระเจา","Amphoe Huai Krachao",,"71"
"739","7206","ดอนเจดีย์","Amphoe Don Chedi",,"72"
"740","7203","ด่านช้าง","Amphoe Dan Chang",,"72"
"741","7202","เดิมบางนางบวช","Amphoe Doem Bang Nang Buat",,"72"
"742","7204","บางปลาม้า","Amphoe Bang Pla Ma",,"72"
"743","7201","เมืองสุพรรณบุรี","Amphoe Mueang Suphan Buri",,"72"
"744","7205","ศรีประจันต์","Amphoe Si Prachan",,"72"
"745","7207","สองพี่น้อง","Amphoe Song Phi Nong",,"72"
"746","7208","สามชุก","Amphoe Sam Chuk",,"72"
"747","7210","หนองหญ้าไซ","Amphoe Nong Ya Sai",,"72"
"748","7209","อู่ทอง","Amphoe U Thong",,"72"
"749","7302","กำแพงแสน","Amphoe Kamphaeng Saen",,"73"
"750","7304","ดอนตูม","Amphoe Don Tum",,"73"
"751","7303","นครชัยศรี","Amphoe Nakhon Chai Si",,"73"
"752","7305","บางเลน","Amphoe Bang Len",,"73"
"753","7307","พุทธมณฑล","Amphoe Phutthamonthon",,"73"
"754","7301","เมืองนครปฐม","Amphoe Mueang Nakhon Pathom",,"73"
"755","7306","สามพราน","Amphoe Sam Phran",,"73"
"756","7402","กระทุ่มแบน","Amphoe Krathum Baen",,"74"
"757","7403","บ้านแพ้ว","Amphoe Ban Phaeo",,"74"
"758","7401","เมืองสมุทรสาคร","Amphoe Mueang Samut Sakhon",,"74"
"759","7502","บางคนที","Amphoe Bang Khonthi",,"75"
"760","7501","เมืองสมุทรสงคราม","Amphoe Mueang Samut Songkhram",,"75"
"761","7503","อัมพวา","Amphoe Amphawa",,"75"
"762","7608","แก่งกระจาน","Amphoe Kaeng Krachan",,"76"
"763","7602","เขาย้อย","Amphoe Khao Yoi",,"76"
"764","7604","ชะอำ","Amphoe Cha-am",,"76"
"765","7605","ท่ายาง","Amphoe Tha Yang",,"76"
"766","7606","บ้านลาด","Amphoe Ban Lat",,"76"
"767","7607","บ้านแหลม","Amphoe Ban Laem",,"76"
"768","7601","เมืองเพชรบุรี","Amphoe Mueang Phetchaburi",,"76"
"769","7603","หนองหญ้าปล้อง","Amphoe Nong Ya Plong",,"76"
"770","7702","กุยบุรี","Amphoe Kui Buri",,"77"
"771","7703","ทับสะแก","Amphoe Thap Sakae",,"77"
"772","7704","บางสะพาน","Amphoe Bang Saphan",,"77"
"773","7705","บางสะพานน้อย","Amphoe Bang Saphan Noi",,"77"
"774","7706","ปราณบุรี","Amphoe Pran Buri",,"77"
"775","7701","เมืองประจวบคีรีขันธ์","Amphoe Mueang Prachuap Khiri Khan",,"77"
"776","7708","สามร้อยยอด","Amphoe Sam Roi Yot",,"77"
"777","7707","หัวหิน","Amphoe Hua Hin",,"77"
"778","8015","ขนอม","Amphoe Khanom",,"80"
"779","8019","จุฬาภรณ์","Amphoe Chulabhorn",,"80"
"780","8004","ฉวาง","Amphoe Chawang",,"80"
"781","8023","เฉลิมพระเกียรติ","Amphoe Chaloem Phra Kiat",,"80"
"782","8007","ชะอวด","Amphoe Cha-uat",,"80"
"783","8022","ช้างกลาง","Amphoe Chang Klang",,"80"
"784","8006","เชียรใหญ่","Amphoe Chian Yai",,"80"
"785","8018","ถ้ำพรรณรา","Amphoe Tham Phannara",,"80"
"786","8008","ท่าศาลา","Amphoe Tha Sala",,"80"
"787","8009","ทุ่งสง","Amphoe Thung Song",,"80"
"788","8011","ทุ่งใหญ่","Amphoe Thung Yai",,"80"
"789","8021","นบพิตำ","Amphoe Nopphitam",,"80"
"790","8010","นาบอน","Amphoe Na Bon",,"80"
"791","8017","บางขัน","Amphoe Bang Khan",,"80"
"792","8012","ปากพนัง","Amphoe Pak Phanang",,"80"
"793","8002","พรหมคีรี","Amphoe Phrom Khiri",,"80"
"794","8020","พระพรหม","Amphoe Phra Phrom",,"80"
"795","8005","พิปูน","Amphoe Phipun",,"80"
"796","8001","เมืองนครศรีธรรมราช","Amphoe Mueang Nakhon Si Thammarat",,"80"
"797","8013","ร่อนพิบูลย์","Amphoe Ron Phibun",,"80"
"798","8003","ลานสกา","Amphoe Lan Saka",,"80"
"799","8014","สิชล","Amphoe Sichon",,"80"
"800","8016","หัวไทร","Amphoe Hua Sai",,"80"
"801","8103","เกาะลันตา","Amphoe Ko Lanta",,"81"
"802","8102","เขาพนม","Amphoe Khao Phanom",,"81"
"803","8104","คลองท่อม","Amphoe Khlong Thom",,"81"
"804","8106","ปลายพระยา","Amphoe Plai Phraya",,"81"
"805","8101","เมืองกระบี่","Amphoe Mueang Krabi",,"81"
"806","8107","ลำทับ","Amphoe Lam Thap",,"81"
"807","8108","เหนือคลอง","Amphoe Nuea Khlong",,"81"
"808","8105","อ่าวลึก","Amphoe Ao Luek",,"81"
"809","8203","กะปง","Amphoe Kapong",,"82"
"810","8202","เกาะยาว","Amphoe Ko Yao",,"82"
"811","8206","คุระบุรี","Amphoe Khura Buri",,"82"
"812","8204","ตะกั่วทุ่ง","Amphoe Takua Thung",,"82"
"813","8205","ตะกั่วป่า","Amphoe Takua Pa",,"82"
"814","8207","ทับปุด","Amphoe Thap Put",,"82"
"815","8208","ท้ายเหมือง","Amphoe Thai Mueang",,"82"
"816","8201","เมืองพังงา","Amphoe Mueang Phang-nga",,"82"
"817","8302","กะทู้","Amphoe Kathu",,"83"
"818","8303","ถลาง","Amphoe Thalang",,"83"
"819","8301","เมืองภูเก็ต","Amphoe Mueang Phuket",,"83"
"820","8402","กาญจนดิษฐ์","Amphoe Kanchanadit",,"84"
"821","8405","เกาะพะงัน","Amphoe Ko Pha-ngan",,"84"
"822","8404","เกาะสมุย","Amphoe Ko Samui",,"84"
"823","8408","คีรีรัฐนิคม","Amphoe Khiri Rat Nikhom",,"84"
"824","8414","เคียนซา","Amphoe Khian Sa",,"84"
"825","8418","ชัยบุรี","Amphoe Chai Buri",,"84"
"826","8406","ไชยา","Amphoe Chaiya",,"84"
"827","8403","ดอนสัก","Amphoe Don Sak",,"84"
"828","8411","ท่าฉาง","Amphoe Tha Chang",,"84"
"829","8407","ท่าชนะ","Amphoe Tha Chana",,"84"
"830","8409","บ้านตาขุน","Amphoe Ban Ta Khun",,"84"
"831","8413","บ้านนาเดิม","Amphoe Ban Na Doem",,"84"
"832","8412","บ้านนาสาร","Amphoe Ban Na San",,"84"
"833","8410","พนม","Amphoe Phanom",,"84"
"834","8416","พระแสง","Amphoe Phrasaeng",,"84"
"835","8417","พุนพิน","Amphoe Phunphin",,"84"
"836","8401","เมืองสุราษฎร์ธานี","Amphoe Mueang Surat Thani",,"84"
"837","8419","วิภาวดี","Amphoe Vibhavadi",,"84"
"838","8415","เวียงสระ","Amphoe Wiang Sa",,"84"
"839","8504","กระบุรี","Amphoe Kra Buri",,"85"
"840","8503","กะเปอร์","Amphoe Kapoe",,"85"
"841","8501","เมืองระนอง","Amphoe Mueang Ranong",,"85"
"842","8502","ละอุ่น","Amphoe La-un",,"85"
"843","8505","สุขสำราญ","Amphoe Suk Samran",,"85"
"844","8602","ท่าแซะ","Amphoe Tha Sae",,"86"
"845","8608","ทุ่งตะโก","Amphoe Thung Tako",,"86"
"846","8603","ปะทิว","Amphoe Pathio",,"86"
"847","8606","พะโต๊ะ","Amphoe Phato",,"86"
"848","8601","เมืองชุมพร","Amphoe Mueang Chumphon",,"86"
"849","8605","ละแม","Amphoe Lamae",,"86"
"850","8607","สวี","Amphoe Sawi",,"86"
"851","8604","หลังสวน","Amphoe Lang Suan",,"86"
"852","9008","กระแสสินธุ์","Amphoe Krasae Sin",,"90"
"853","9016","คลองหอยโข่ง","Amphoe Khlong Hoi Khong",,"90"
"854","9013","ควนเนียง","Amphoe Khuan Niang",,"90"
"855","9003","จะนะ","Amphoe Chana",,"90"
"856","9005","เทพา","Amphoe Thepha",,"90"
"857","9004","นาทวี","Amphoe Na Thawi",,"90"
"858","9012","นาหม่อม","Amphoe Na Mom",,"90"
"859","9014","บางกล่ำ","Amphoe Bang Klam",,"90"
"860","9001","เมืองสงขลา","Amphoe Mueang Songkhla",,"90"
"861","9007","ระโนด","Amphoe Ranot",,"90"
"862","9009","รัตภูมิ","Amphoe Rattaphum",,"90"
"863","9002","สทิงพระ","Amphoe Sathing Phra",,"90"
"864","9010","สะเดา","Amphoe Sadao",,"90"
"865","9006","สะบ้าย้อย","Amphoe Saba Yoi",,"90"
"866","9015","สิงหนคร","Amphoe Singhanakhon",,"90"
"867","9011","หาดใหญ่","Amphoe Hat Yai",,"90"
"868","9103","ควนกาหลง","Amphoe Khuan Kalong",,"91"
"869","9102","ควนโดน","Amphoe Khuan Don",,"91"
"870","9104","ท่าแพ","Amphoe Tha Phae",,"91"
"871","9106","ทุ่งหว้า","Amphoe Thung Wa",,"91"
"872","9107","มะนัง","Amphoe Manang",,"91"
"873","9101","เมืองสตูล","Amphoe Mueang Satun",,"91"
"874","9105","ละงู","Amphoe La-ngu",,"91"
"875","9202","กันตัง","Amphoe Kantang",,"92"
"876","9208","นาโยง","Amphoe Na Yong",,"92"
"877","9204","ปะเหลียน","Amphoe Palian",,"92"
"878","9201","เมืองตรัง","Amphoe Mueang Trang",,"92"
"879","9203","ย่านตาขาว","Amphoe Yan Ta Khao",,"92"
"880","9209","รัษฎา","Amphoe Ratsada",,"92"
"881","9207","วังวิเศษ","Amphoe Wang Wiset",,"92"
"882","9205","สิเกา","Amphoe Sikao",,"92"
"883","9206","ห้วยยอด","Amphoe Huai Yot",,"92"
"884","9210","หาดสำราญ","Amphoe Hat Samran",,"92"
"885","9302","กงหรา","Amphoe Kong Ra",,"93"
"886","9303","เขาชัยสน","Amphoe Khao Chaison",,"93"
"887","9305","ควนขนุน","Amphoe Khuan Khanun",,"93"
"888","9304","ตะโหมด","Amphoe Tamot",,"93"
"889","9309","บางแก้ว","Amphoe Bang Kaeo",,"93"
"890","9306","ปากพะยูน","Amphoe Pak Phayun",,"93"
"891","9308","ป่าบอน","Amphoe Pa Bon",,"93"
"892","9310","ป่าพะยอม","Amphoe Pa Phayom",,"93"
"893","9301","เมืองพัทลุง","Amphoe Mueang Phatthalung",,"93"
"894","9311","ศรีนครินทร์","Amphoe Srinagarindra",,"93"
"895","9307","ศรีบรรพต","Amphoe Si Banphot",,"93"
"896","9411","กะพ้อ","Amphoe Kapho",,"94"
"897","9402","โคกโพธิ์","Amphoe Khok Pho",,"94"
"898","9406","ทุ่งยางแดง","Amphoe Thung Yang Daeng",,"94"
"899","9404","ปะนาเระ","Amphoe Panare",,"94"
"900","9405","มายอ","Amphoe Mayo",,"94"
"901","9401","เมืองปัตตานี","Amphoe Mueang Pattani",,"94"
"902","9412","แม่ลาน","Amphoe Mae Lan",,"94"
"903","9408","ไม้แก่น","Amphoe Mai Kaen",,"94"
"904","9410","ยะรัง","Amphoe Yarang",,"94"
"905","9409","ยะหริ่ง","Amphoe Yaring",,"94"
"906","9407","สายบุรี","Amphoe Sai Buri",,"94"
"907","9403","หนองจิก","Amphoe Nong Chik",,"94"
"908","9508","กรงปินัง","Amphoe Krong Pinang",,"95"
"909","9507","กาบัง","Amphoe Kabang",,"95"
"910","9504","ธารโต","Amphoe Than To",,"95"
"911","9503","บันนังสตา","Amphoe Bannang Sata",,"95"
"912","9502","เบตง","Amphoe Betong",,"95"
"913","9501","เมืองยะลา","Amphoe Mueang Yala",,"95"
"914","9505","ยะหา","Amphoe Yaha",,"95"
"915","9506","รามัน","Amphoe Raman",,"95"
"916","9612","จะแนะ","Amphoe Chanae",,"96"
"917","9613","เจาะไอร้อง","Amphoe Cho-airong",,"96"
"918","9602","ตากใบ","Amphoe Tak Bai",,"96"
"919","9603","บาเจาะ","Amphoe Bacho",,"96"
"920","9601","เมืองนราธิวาส","Amphoe Mueang Narathiwat",,"96"
"921","9604","ยี่งอ","Amphoe Yi-ngo",,"96"
"922","9605","ระแงะ","Amphoe Ra-ngae",,"96"
"923","9606","รือเสาะ","Amphoe Rueso",,"96"
"924","9608","แว้ง","Amphoe Waeng",,"96"
"925","9607","ศรีสาคร","Amphoe Si Sakhon",,"96"
"926","9609","สุคิริน","Amphoe Sukhirin",,"96"
"927","9610","สุไหงโก-ลก","Amphoe Su-ngai Kolok",,"96"
"928","9611","สุไหงปาดี","Amphoe Su-ngai Padi",,"96"
"929",,,,,
